{"metapath2vec_ACM_GTN": {"nmi": [0.45129658820816726, 15], "ari": [0.43041439807530313, 15], "macrof1": [0.7501209335770037, 35], "microf1": [0.7509590792838875, 35]}, "ESim_ACM_GTN": {"nmi": 0.026847298347250765, "ari": 0.029990031054739467, "microf1": 0.3335997442455243, "macrof1": 0.16702772563965632}, "metapath2vec_DBLP_GTN": {"nmi": [0.8019167887225042, 20], "ari": [0.845471219472258, 20], "macrof1": [0.963625736420288, 35], "microf1": [0.9681429681429682, 35]}, "ESim_DBLP_GTN": {"nmi": 0.19830832082423017, "ari": 0.13879430706637916, "microf1": 0.3372183372183372, "macrof1": 0.12609680980882096}, "metapath2vec_ACM_NSHE": {"nmi": [0.4329125053639675, 15], "ari": [0.38183912748515303, 15], "macrof1": [0.7818143150934599, 35], "microf1": [0.7960199004975125, 35]}, "ESim_ACM_NSHE": {"nmi": 0.19278144264720848, "ari": 0.1723907672689957, "microf1": 0.4978678038379531, "macrof1": 0.2305271399483073}, "metapath2vec_DBLP_NSHE": {"nmi": [0.6982185323729762, 35], "ari": [0.7627098904330905, 35], "macrof1": [0.8696254754526067, 35], "microf1": [0.8824858757062147, 35]}, "ESim_DBLP_NSHE": {"nmi": 0.0025237898048443563, "ari": 0.0033207458365000966, "microf1": 0.33785310734463275, "macrof1": 0.12626689189189189}}