{"metapath2vec_ACM_GTN": {"nmi": [0.45295302156698897, 15], "ari": [0.43146630078110454, 15], "macrof1": [0.7434034992853437, 35], "microf1": [0.743925831202046, 35]}, "metapath2vec_DBLP_GTN": {"nmi": [0.806635505812802, 25], "ari": [0.8526536203197821, 20], "macrof1": [0.9646331177960876, 35], "microf1": [0.9689199689199689, 35]}, "metapath2vec_ACM_NSHE": {"nmi": [0.43328469724366336, 15], "ari": [0.38189105965045994, 15], "macrof1": [0.7803889858158515, 30], "microf1": [0.7942430703624733, 30]}, "metapath2vec_DBLP_NSHE": {"nmi": [0.7033145083041838, 35], "ari": [0.7623329540707098, 35], "macrof1": [0.8790873813673119, 35], "microf1": [0.8915254237288136, 35]}}