{"metapath2vec": {"nmi": [0.6877393304122857, 35], "ari": [0.7487175464430035, 35], "macrof1": [0.8703628345437597, 35], "microf1": [0.8824858757062147, 35]}}